SupplierName,Avg_BadPackagingRate (Sup),Avg_Incidents_PerMonth (Sup),Avg_CostPerIncident_Scorecard (Sup),Avg_OnTimeDeliveryRate (Sup),Avg_Anomalies_PerMonth (Sup)
Suppliera,15.645555555555555,57.53703703703704,558.5162962962963,82.57944444444445,7.2592592592592595
Supplierb,17.60611111111111,91.75,504.59250000000003,81.12083333333334,14.0
Supplierc,24.183888888888887,92.72222222222223,549.5425,72.97333333333333,16.416666666666668
Supplierd,32.31722222222223,151.11111111111111,534.16,66.40166666666667,29.27777777777778
Suppliere,22.615,89.44444444444444,532.1505555555555,75.02000000000001,15.61111111111111
Supplierf,28.35222222222222,53.833333333333336,530.0197222222222,70.50666666666666,9.305555555555555
Supplierg,17.524444444444445,45.05555555555556,587.8816666666667,79.78166666666667,7.833333333333333
Supplierh,31.49388888888889,25.63888888888889,619.5563888888888,68.71333333333332,4.916666666666667
